﻿<?xml version="1.0" encoding="UTF-8"?>
<beans 
	xmlns="http://www.springframework.org/schema/beans"
	xmlns:xsi="http://www.w3.org/2001/XMLSchema-instance" 
	xmlns:context="http://www.springframework.org/schema/context"
	xmlns:p="http://www.springframework.org/schema/p" 
	xmlns:tx="http://www.springframework.org/schema/tx"
	xmlns:mvc="http://www.springframework.org/schema/mvc"
	xsi:schemaLocation="http://www.springframework.org/schema/beans 
	   		http://www.springframework.org/schema/beans/spring-beans.xsd
	   		http://www.springframework.org/schema/context
	   		http://www.springframework.org/schema/context/spring-context.xsd
	   		http://www.springframework.org/schema/tx 
			http://www.springframework.org/schema/tx/spring-tx.xsd
			http://www.springframework.org/schema/mvc 
			http://www.springframework.org/schema/mvc/spring-mvc.xsd">
	
	<!-- Spring MVC Annotation -->
	<context:annotation-config />
	<mvc:annotation-driven/>
 <context:component-scan base-package="stackjava.com.springmvcgoogle" />
	<!-- Cấu hình view -->
	<bean id="viewResolver" 
		p:prefix="/WEB-INF/views/" p:suffix=".jsp"
		class="org.springframework.web.servlet.view.InternalResourceViewResolver"/>
   <!-- 	
   	Cấu hình package chứa các controller !-->
 <mvc:interceptors>
    <mvc:interceptor>
       <mvc:mapping path="/admin/**"/>
       <mvc:mapping path="/staff/**"/>
       <mvc:mapping path="/account/**"/>
       <mvc:mapping path="/watch/**"/>
        <bean class="ptithcm.security.AuthorizationInterceptor"/>
    </mvc:interceptor>
</mvc:interceptors>
	<context:component-scan base-package="ptithcm.controller"/>
	<context:component-scan base-package="ptithcm.dao"/>
	<context:component-scan base-package="ptithcm.admin.controller"/>
	<context:component-scan base-package="ptithcm.serviceimpl"/>
	<context:component-scan base-package="ptithcm.api"/>

</beans>